pip_deg,jt_00,jt_01,jt_02,jt_03,jt_10,jt_11,jt_12,jt_13,jt_20,jt_21,jt_22,jt_23
0.000000000,-0.007056000,0.004731000,0.000799000,-0.002163000,-0.026000000,-0.026000000,0.026000000,-0.026000000,-0.041554279,-0.041554279,0.000000000,0.041554279
1.000000000,-0.007056000,0.004731000,0.000799000,-0.002163000,-0.026000000,-0.026000000,0.026000000,-0.026000000,-0.041165479,-0.041165479,0.000000000,0.041165479
2.000000000,-0.007056000,0.004731000,0.000799000,-0.002163000,-0.026000000,-0.026000000,0.026000000,-0.026000000,-0.040823195,-0.040823195,0.000000000,0.040823195
3.000000000,-0.007056000,0.004731000,0.000799000,-0.002163000,-0.026000000,-0.026000000,0.026000000,-0.026000000,-0.040521170,-0.040521170,0.000000000,0.040521170
4.000000000,-0.007056000,0.004731000,0.000799000,-0.002163000,-0.026000000,-0.026000000,0.026000000,-0.026000000,-0.040254281,-0.040254281,0.000000000,0.040254281
5.000000000,-0.007056000,0.004731000,0.000799000,-0.002163000,-0.026000000,-0.026000000,0.026000000,-0.026000000,-0.040018283,-0.040018283,0.000000000,0.040018283
6.000000000,-0.007056000,0.004731000,0.000799000,-0.002163000,-0.026000000,-0.026000000,0.026000000,-0.026000000,-0.039809633,-0.039809633,0.000000000,0.039809633
7.000000000,-0.007056000,0.004731000,0.000799000,-0.002163000,-0.026000000,-0.026000000,0.026000000,-0.026000000,-0.039625343,-0.039625343,0.000000000,0.039625343
8.000000000,-0.007056000,0.004731000,0.000799000,-0.002163000,-0.026000000,-0.026000000,0.026000000,-0.026000000,-0.039462876,-0.039462876,0.000000000,0.039462876
9.000000000,-0.007056000,0.004731000,0.000799000,-0.002163000,-0.026000000,-0.026000000,0.026000000,-0.026000000,-0.039320062,-0.039320062,0.000000000,0.039320062
10.000000000,-0.007056000,0.004731000,0.000799000,-0.002163000,-0.026000000,-0.026000000,0.026000000,-0.026000000,-0.039195033,-0.039195033,0.000000000,0.039195033
11.000000000,-0.007056000,0.004731000,0.000799000,-0.002163000,-0.026000000,-0.026000000,0.026000000,-0.026000000,-0.039086169,-0.039086169,0.000000000,0.039086169
12.000000000,-0.007056000,0.004731000,0.000799000,-0.002163000,-0.026000000,-0.026000000,0.026000000,-0.026000000,-0.038992061,-0.038992061,0.000000000,0.038992061
13.000000000,-0.007056000,0.004731000,0.000799000,-0.002163000,-0.026000000,-0.026000000,0.026000000,-0.026000000,-0.038911473,-0.038911473,0.000000000,0.038911473
14.000000000,-0.007056000,0.004731000,0.000799000,-0.002163000,-0.026000000,-0.026000000,0.026000000,-0.026000000,-0.038843318,-0.038843318,0.000000000,0.038843318
15.000000000,-0.007056000,0.004731000,0.000799000,-0.002163000,-0.026000000,-0.026000000,0.026000000,-0.026000000,-0.038786633,-0.038786633,0.000000000,0.038786633
16.000000000,-0.007056000,0.004731000,0.000799000,-0.002163000,-0.026000000,-0.026000000,0.026000000,-0.026000000,-0.038740564,-0.038740564,0.000000000,0.038740564
17.000000000,-0.007056000,0.004731000,0.000799000,-0.002163000,-0.026000000,-0.026000000,0.026000000,-0.026000000,-0.038704347,-0.038704347,0.000000000,0.038704347
18.000000000,-0.007056000,0.004731000,0.000799000,-0.002163000,-0.026000000,-0.026000000,0.026000000,-0.026000000,-0.038677297,-0.038677297,0.000000000,0.038677297
19.000000000,-0.007056000,0.004731000,0.000799000,-0.002163000,-0.026000000,-0.026000000,0.026000000,-0.026000000,-0.038658796,-0.038658796,0.000000000,0.038658796
20.000000000,-0.007056000,0.004731000,0.000799000,-0.002163000,-0.026000000,-0.026000000,0.026000000,-0.026000000,-0.038648287,-0.038648287,0.000000000,0.038648287
21.000000000,-0.007056000,0.004731000,0.000799000,-0.002163000,-0.026000000,-0.026000000,0.026000000,-0.026000000,-0.038645261,-0.038645261,0.000000000,0.038645261
22.000000000,-0.007056000,0.004731000,0.000799000,-0.002163000,-0.026000000,-0.026000000,0.026000000,-0.026000000,-0.038649256,-0.038649256,0.000000000,0.038649256
23.000000000,-0.007056000,0.004731000,0.000799000,-0.002163000,-0.026000000,-0.026000000,0.026000000,-0.026000000,-0.038659847,-0.038659847,0.000000000,0.038659847
24.000000000,-0.007056000,0.004731000,0.000799000,-0.002163000,-0.026000000,-0.026000000,0.026000000,-0.026000000,-0.038676641,-0.038676641,0.000000000,0.038676641
25.000000000,-0.007056000,0.004731000,0.000799000,-0.002163000,-0.026000000,-0.026000000,0.026000000,-0.026000000,-0.038699278,-0.038699278,0.000000000,0.038699278
26.000000000,-0.007056000,0.004731000,0.000799000,-0.002163000,-0.026000000,-0.026000000,0.026000000,-0.026000000,-0.038727419,-0.038727419,0.000000000,0.038727419
27.000000000,-0.007056000,0.004731000,0.000799000,-0.002163000,-0.026000000,-0.026000000,0.026000000,-0.026000000,-0.038760749,-0.038760749,0.000000000,0.038760749
28.000000000,-0.007056000,0.004731000,0.000799000,-0.002163000,-0.026000000,-0.026000000,0.026000000,-0.026000000,-0.038798972,-0.038798972,0.000000000,0.038798972
29.000000000,-0.007056000,0.004731000,0.000799000,-0.002163000,-0.026000000,-0.026000000,0.026000000,-0.026000000,-0.038841809,-0.038841809,0.000000000,0.038841809
30.000000000,-0.007056000,0.004731000,0.000799000,-0.002163000,-0.026000000,-0.026000000,0.026000000,-0.026000000,-0.038888992,-0.038888992,0.000000000,0.038888992
31.000000000,-0.007056000,0.004731000,0.000799000,-0.002163000,-0.026000000,-0.026000000,0.026000000,-0.026000000,-0.038940268,-0.038940268,0.000000000,0.038940268
32.000000000,-0.007056000,0.004731000,0.000799000,-0.002163000,-0.026000000,-0.026000000,0.026000000,-0.026000000,-0.038995391,-0.038995391,0.000000000,0.038995391
33.000000000,-0.007056000,0.004731000,0.000799000,-0.002163000,-0.026000000,-0.026000000,0.026000000,-0.026000000,-0.039054127,-0.039054127,0.000000000,0.039054127
34.000000000,-0.007056000,0.004731000,0.000799000,-0.002163000,-0.026000000,-0.026000000,0.026000000,-0.026000000,-0.039116244,-0.039116244,0.000000000,0.039116244
35.000000000,-0.007056000,0.004731000,0.000799000,-0.002163000,-0.026000000,-0.026000000,0.026000000,-0.026000000,-0.039181518,-0.039181518,0.000000000,0.039181518
36.000000000,-0.007056000,0.004731000,0.000799000,-0.002163000,-0.026000000,-0.026000000,0.026000000,-0.026000000,-0.039249727,-0.039249727,0.000000000,0.039249727
37.000000000,-0.007056000,0.004731000,0.000799000,-0.002163000,-0.026000000,-0.026000000,0.026000000,-0.026000000,-0.039320652,-0.039320652,0.000000000,0.039320652
38.000000000,-0.007056000,0.004731000,0.000799000,-0.002163000,-0.026000000,-0.026000000,0.026000000,-0.026000000,-0.039394076,-0.039394076,0.000000000,0.039394076
39.000000000,-0.007056000,0.004731000,0.000799000,-0.002163000,-0.026000000,-0.026000000,0.026000000,-0.026000000,-0.039469780,-0.039469780,0.000000000,0.039469780
40.000000000,-0.007056000,0.004731000,0.000799000,-0.002163000,-0.026000000,-0.026000000,0.026000000,-0.026000000,-0.039547545,-0.039547545,0.000000000,0.039547545
41.000000000,-0.007056000,0.004731000,0.000799000,-0.002163000,-0.026000000,-0.026000000,0.026000000,-0.026000000,-0.039627151,-0.039627151,0.000000000,0.039627151
42.000000000,-0.007056000,0.004731000,0.000799000,-0.002163000,-0.026000000,-0.026000000,0.026000000,-0.026000000,-0.039708371,-0.039708371,0.000000000,0.039708371
43.000000000,-0.007056000,0.004731000,0.000799000,-0.002163000,-0.026000000,-0.026000000,0.026000000,-0.026000000,-0.039790978,-0.039790978,0.000000000,0.039790978
44.000000000,-0.007056000,0.004731000,0.000799000,-0.002163000,-0.026000000,-0.026000000,0.026000000,-0.026000000,-0.039874737,-0.039874737,0.000000000,0.039874737
45.000000000,-0.007056000,0.004731000,0.000799000,-0.002163000,-0.026000000,-0.026000000,0.026000000,-0.026000000,-0.039959409,-0.039959409,0.000000000,0.039959409
46.000000000,-0.007056000,0.004731000,0.000799000,-0.002163000,-0.026000000,-0.026000000,0.026000000,-0.026000000,-0.040044746,-0.040044746,0.000000000,0.040044746
47.000000000,-0.007056000,0.004731000,0.000799000,-0.002163000,-0.026000000,-0.026000000,0.026000000,-0.026000000,-0.040130495,-0.040130495,0.000000000,0.040130495
48.000000000,-0.007056000,0.004731000,0.000799000,-0.002163000,-0.026000000,-0.026000000,0.026000000,-0.026000000,-0.040216392,-0.040216392,0.000000000,0.040216392
49.000000000,-0.007056000,0.004731000,0.000799000,-0.002163000,-0.026000000,-0.026000000,0.026000000,-0.026000000,-0.040302163,-0.040302163,0.000000000,0.040302163
50.000000000,-0.007056000,0.004731000,0.000799000,-0.002163000,-0.026000000,-0.026000000,0.026000000,-0.026000000,-0.040387526,-0.040387526,0.000000000,0.040387526
51.000000000,-0.007056000,0.004731000,0.000799000,-0.002163000,-0.026000000,-0.026000000,0.026000000,-0.026000000,-0.040472186,-0.040472186,0.000000000,0.040472186
52.000000000,-0.007056000,0.004731000,0.000799000,-0.002163000,-0.026000000,-0.026000000,0.026000000,-0.026000000,-0.040555836,-0.040555836,0.000000000,0.040555836
53.000000000,-0.007056000,0.004731000,0.000799000,-0.002163000,-0.026000000,-0.026000000,0.026000000,-0.026000000,-0.040638158,-0.040638158,0.000000000,0.040638158
54.000000000,-0.007056000,0.004731000,0.000799000,-0.002163000,-0.026000000,-0.026000000,0.026000000,-0.026000000,-0.040718818,-0.040718818,0.000000000,0.040718818
55.000000000,-0.007056000,0.004731000,0.000799000,-0.002163000,-0.026000000,-0.026000000,0.026000000,-0.026000000,-0.040797468,-0.040797468,0.000000000,0.040797468
56.000000000,-0.007056000,0.004731000,0.000799000,-0.002163000,-0.026000000,-0.026000000,0.026000000,-0.026000000,-0.040873747,-0.040873747,0.000000000,0.040873747
57.000000000,-0.007056000,0.004731000,0.000799000,-0.002163000,-0.026000000,-0.026000000,0.026000000,-0.026000000,-0.040947276,-0.040947276,0.000000000,0.040947276
58.000000000,-0.007056000,0.004731000,0.000799000,-0.002163000,-0.026000000,-0.026000000,0.026000000,-0.026000000,-0.041017660,-0.041017660,0.000000000,0.041017660
59.000000000,-0.007056000,0.004731000,0.000799000,-0.002163000,-0.026000000,-0.026000000,0.026000000,-0.026000000,-0.041084488,-0.041084488,0.000000000,0.041084488
60.000000000,-0.007056000,0.004731000,0.000799000,-0.002163000,-0.026000000,-0.026000000,0.026000000,-0.026000000,-0.041147329,-0.041147329,0.000000000,0.041147329
61.000000000,-0.007056000,0.004731000,0.000799000,-0.002163000,-0.026000000,-0.026000000,0.026000000,-0.026000000,-0.041205735,-0.041205735,0.000000000,0.041205735
62.000000000,-0.007056000,0.004731000,0.000799000,-0.002163000,-0.026000000,-0.026000000,0.026000000,-0.026000000,-0.041259240,-0.041259240,0.000000000,0.041259240
63.000000000,-0.007056000,0.004731000,0.000799000,-0.002163000,-0.026000000,-0.026000000,0.026000000,-0.026000000,-0.041307357,-0.041307357,0.000000000,0.041307357
64.000000000,-0.007056000,0.004731000,0.000799000,-0.002163000,-0.026000000,-0.026000000,0.026000000,-0.026000000,-0.041349580,-0.041349580,0.000000000,0.041349580
65.000000000,-0.007056000,0.004731000,0.000799000,-0.002163000,-0.026000000,-0.026000000,0.026000000,-0.026000000,-0.041385384,-0.041385384,0.000000000,0.041385384
66.000000000,-0.007056000,0.004731000,0.000799000,-0.002163000,-0.026000000,-0.026000000,0.026000000,-0.026000000,-0.041414223,-0.041414223,0.000000000,0.041414223
67.000000000,-0.007056000,0.004731000,0.000799000,-0.002163000,-0.026000000,-0.026000000,0.026000000,-0.026000000,-0.041435532,-0.041435532,0.000000000,0.041435532
68.000000000,-0.007056000,0.004731000,0.000799000,-0.002163000,-0.026000000,-0.026000000,0.026000000,-0.026000000,-0.041448725,-0.041448725,0.000000000,0.041448725
69.000000000,-0.007056000,0.004731000,0.000799000,-0.002163000,-0.026000000,-0.026000000,0.026000000,-0.026000000,-0.041453197,-0.041453197,0.000000000,0.041453197
70.000000000,-0.007056000,0.004731000,0.000799000,-0.002163000,-0.026000000,-0.026000000,0.026000000,-0.026000000,-0.041448325,-0.041448325,0.000000000,0.041448325
71.000000000,-0.007056000,0.004731000,0.000799000,-0.002163000,-0.026000000,-0.026000000,0.026000000,-0.026000000,-0.041433465,-0.041433465,0.000000000,0.041433465
72.000000000,-0.007056000,0.004731000,0.000799000,-0.002163000,-0.026000000,-0.026000000,0.026000000,-0.026000000,-0.041407959,-0.041407959,0.000000000,0.041407959
73.000000000,-0.007056000,0.004731000,0.000799000,-0.002163000,-0.026000000,-0.026000000,0.026000000,-0.026000000,-0.041371131,-0.041371131,0.000000000,0.041371131
74.000000000,-0.007056000,0.004731000,0.000799000,-0.002163000,-0.026000000,-0.026000000,0.026000000,-0.026000000,-0.041322291,-0.041322291,0.000000000,0.041322291
75.000000000,-0.007056000,0.004731000,0.000799000,-0.002163000,-0.026000000,-0.026000000,0.026000000,-0.026000000,-0.041260734,-0.041260734,0.000000000,0.041260734
76.000000000,-0.007056000,0.004731000,0.000799000,-0.002163000,-0.026000000,-0.026000000,0.026000000,-0.026000000,-0.041185749,-0.041185749,0.000000000,0.041185749
77.000000000,-0.007056000,0.004731000,0.000799000,-0.002163000,-0.026000000,-0.026000000,0.026000000,-0.026000000,-0.041096612,-0.041096612,0.000000000,0.041096612
78.000000000,-0.007056000,0.004731000,0.000799000,-0.002163000,-0.026000000,-0.026000000,0.026000000,-0.026000000,-0.040992597,-0.040992597,0.000000000,0.040992597
79.000000000,-0.007056000,0.004731000,0.000799000,-0.002163000,-0.026000000,-0.026000000,0.026000000,-0.026000000,-0.040872976,-0.040872976,0.000000000,0.040872976
80.000000000,-0.007056000,0.004731000,0.000799000,-0.002163000,-0.026000000,-0.026000000,0.026000000,-0.026000000,-0.040737022,-0.040737022,0.000000000,0.040737022
81.000000000,-0.007056000,0.004731000,0.000799000,-0.002163000,-0.026000000,-0.026000000,0.026000000,-0.026000000,-0.040584016,-0.040584016,0.000000000,0.040584016
82.000000000,-0.007056000,0.004731000,0.000799000,-0.002163000,-0.026000000,-0.026000000,0.026000000,-0.026000000,-0.040413249,-0.040413249,0.000000000,0.040413249
83.000000000,-0.007056000,0.004731000,0.000799000,-0.002163000,-0.026000000,-0.026000000,0.026000000,-0.026000000,-0.040224031,-0.040224031,0.000000000,0.040224031
84.000000000,-0.007056000,0.004731000,0.000799000,-0.002163000,-0.026000000,-0.026000000,0.026000000,-0.026000000,-0.040015693,-0.040015693,0.000000000,0.040015693
85.000000000,-0.007056000,0.004731000,0.000799000,-0.002163000,-0.026000000,-0.026000000,0.026000000,-0.026000000,-0.039787596,-0.039787596,0.000000000,0.039787596
86.000000000,-0.007056000,0.004731000,0.000799000,-0.002163000,-0.026000000,-0.026000000,0.026000000,-0.026000000,-0.039539139,-0.039539139,0.000000000,0.039539139
87.000000000,-0.007056000,0.004731000,0.000799000,-0.002163000,-0.026000000,-0.026000000,0.026000000,-0.026000000,-0.039269763,-0.039269763,0.000000000,0.039269763
88.000000000,-0.007056000,0.004731000,0.000799000,-0.002163000,-0.026000000,-0.026000000,0.026000000,-0.026000000,-0.038978961,-0.038978961,0.000000000,0.038978961
89.000000000,-0.007056000,0.004731000,0.000799000,-0.002163000,-0.026000000,-0.026000000,0.026000000,-0.026000000,-0.038666288,-0.038666288,0.000000000,0.038666288
90.000000000,-0.007056000,0.004731000,0.000799000,-0.002163000,-0.026000000,-0.026000000,0.026000000,-0.026000000,-0.038331365,-0.038331365,0.000000000,0.038331365
